{
    "vgg.log": {
        "startStep": 1,
        "endStep": 1000,
        "numStep": 999,
        "duration": 54.46255111694336,
        "thr": 18.342879272308085
    },
    "cyclegan.log": {
        "startStep": 9,
        "endStep": 97,
        "numStep": 88,
        "duration": 55.806127309799194,
        "thr": 1.5768877763454439
    }
}